state,district,mean_pressure,volatility,risk_category
Andaman & Nicobar Islands,Andamans,-5.3198186596622086e-17,0.7691099203565357,Volatile
Andaman & Nicobar Islands,South Andaman,1.942890293094024e-16,0.7207514656615899,Shock-Prone
Andaman And Nicobar Islands,Nicobar,1.850371707708594e-17,0.8532324936951283,Shock-Prone
Andaman And Nicobar Islands,North And Middle Andaman,-9.25185853854297e-18,0.6761094858848106,Volatile
Andaman And Nicobar Islands,South Andaman,0.0,0.8073986406466938,Shock-Prone
Andhra Pradesh,Adilabad,-4.625929269271486e-16,0.8002606985265193,Volatile
Andhra Pradesh,Alluri Sitharama Raju,3.885780586188048e-16,0.6502663517033408,Shock-Prone
Andhra Pradesh,Anakapalli,-1.1102230246251565e-16,0.9319411221887288,Volatile
Andhra Pradesh,Anantapur,1.850371707708594e-17,0.6447379465824783,Shock-Prone
Andhra Pradesh,Ananthapur,-2.220446049250313e-16,0.6871196920461448,Volatile
Andhra Pradesh,Ananthapuramu,7.401486830834377e-17,0.8597464234307036,Shock-Prone
Andhra Pradesh,Annamayya,-5.921189464667501e-16,0.8340102056870905,Volatile
Andhra Pradesh,Bapatla,-1.3415194880887307e-16,0.8403235120626016,Volatile
Andhra Pradesh,Chittoor,4.255854927729767e-16,0.850777142772588,Shock-Prone
Andhra Pradesh,Cuddapah,1.1102230246251565e-16,0.7923774671110313,Shock-Prone
Andhra Pradesh,Dr. B. R. Ambedkar Konaseema,1.2027416100105862e-16,0.7087000179910113,Shock-Prone
Andhra Pradesh,East Godavari,1.850371707708594e-17,0.9171293096398003,Shock-Prone
Andhra Pradesh,Eluru,-2.220446049250313e-16,0.9089846038040295,Volatile
Andhra Pradesh,Guntur,-3.700743415417188e-17,0.7750800691282055,Volatile
Andhra Pradesh,Hyderabad,2.590520390792032e-16,0.9105539717785527,Shock-Prone
Andhra Pradesh,K.V. Rangareddy,-5.551115123125783e-17,0.594985594510258,Volatile
Andhra Pradesh,K.V.Rangareddy,9.251858538542972e-17,0.8215010183611623,Shock-Prone
Andhra Pradesh,Kakinada,3.7470027081099033e-16,0.7984819359182987,Shock-Prone
Andhra Pradesh,Karim Nagar,2.0354088784794536e-16,0.6929235771692377,Shock-Prone
Andhra Pradesh,Karimnagar,1.4802973661668753e-16,0.8750796848700038,Shock-Prone
Andhra Pradesh,Khammam,-3.5388358909926865e-16,0.9114522485451105,Volatile
Andhra Pradesh,Krishna,1.3877787807814457e-16,0.8381135098930388,Shock-Prone
Andhra Pradesh,Kurnool,4.533410683886056e-16,0.8011473018949611,Shock-Prone
Andhra Pradesh,Mahabub Nagar,1.1102230246251565e-16,0.8690141727298644,Shock-Prone
Andhra Pradesh,Mahabubnagar,0.03294725265163086,0.6463364989402484,Shock-Prone
Andhra Pradesh,Mahbubnagar,2.0354088784794536e-16,0.9194379951263746,Shock-Prone
Andhra Pradesh,Medak,-1.1102230246251565e-16,0.7641656605470607,Volatile
Andhra Pradesh,N. T. R,5.643633708511212e-16,0.6285810363697218,Shock-Prone
Andhra Pradesh,Nalgonda,2.9605947323337506e-16,0.9858907119637639,Shock-Prone
Andhra Pradesh,Nandyal,4.625929269271486e-17,0.6903892601814934,Shock-Prone
Andhra Pradesh,Nellore,9.25185853854297e-18,0.6365627120906594,Shock-Prone
Andhra Pradesh,Nizamabad,-3.3306690738754696e-16,0.8701212545684646,Volatile
Andhra Pradesh,Palnadu,4.440892098500626e-16,0.7630927496278936,Shock-Prone
Andhra Pradesh,Parvathipuram Manyam,1.1102230246251565e-16,0.6580181990422245,Shock-Prone
Andhra Pradesh,Prakasam,4.718447854656915e-16,0.7279354323016004,Shock-Prone
Andhra Pradesh,Rangareddi,-3.3769283665681843e-16,0.8236127250967658,Volatile
Andhra Pradesh,Sri Potti Sriramulu Nellore,7.170190367370802e-16,0.7882472481007812,Shock-Prone
Andhra Pradesh,Sri Sathya Sai,-3.23815048849004e-17,0.9051006482763555,Volatile
Andhra Pradesh,Srikakulam,-4.255854927729767e-16,0.8523653167365138,Volatile
Andhra Pradesh,Tirupati,3.515706244646329e-16,0.7448074528011057,Shock-Prone
Andhra Pradesh,Visakhapatnam,3.4231876592608995e-16,0.8263785292053775,Shock-Prone
Andhra Pradesh,Vizianagaram,1.2027416100105862e-16,0.655556104888169,Shock-Prone
Andhra Pradesh,Warangal,-5.181040781584064e-16,0.8360868884376548,Volatile
Andhra Pradesh,West Godavari,4.255854927729767e-16,0.8818125614874044,Shock-Prone
Andhra Pradesh,Y. S. R,8.326672684688674e-17,0.7351452716387067,Shock-Prone
Arunachal Pradesh,Anjaw,-1.133352670971514e-16,0.8325371949167908,Volatile
Arunachal Pradesh,Changlang,3.3306690738754696e-16,0.8313667575903729,Shock-Prone
Arunachal Pradesh,Dibang Valley,5.551115123125783e-17,0.638618003454413,Shock-Prone
Arunachal Pradesh,East Kameng,8.789265611615822e-17,0.6444012732237353,Shock-Prone
Arunachal Pradesh,East Siang,-2.220446049250313e-16,0.8432100386733197,Volatile
Arunachal Pradesh,Kamle,0.0571582529824179,0.7980529116055866,Shock-Prone
Arunachal Pradesh,Kra Daadi,1.1102230246251565e-16,0.8288355577212625,Shock-Prone
Arunachal Pradesh,Kurung Kumey,0.037568312944322856,0.6184950857809898,Shock-Prone
Arunachal Pradesh,Leparada,0.39623131152184665,0.6271615610734226,Shock-Prone
Arunachal Pradesh,Lohit,-1.2027416100105862e-16,0.702120192416026,Volatile
Arunachal Pradesh,Longding,2.220446049250313e-16,0.8167015281563982,Shock-Prone
Arunachal Pradesh,Lower Dibang Valley,1.295260195396016e-16,0.7836065580211563,Shock-Prone
Arunachal Pradesh,Lower Siang,-9.251858538542972e-17,0.8144956337280594,Volatile
Arunachal Pradesh,Lower Subansiri,-3.006854025026466e-16,0.48265994963684805,Stable
Arunachal Pradesh,Namsai,2.312964634635743e-17,0.70963296278929,Shock-Prone
Arunachal Pradesh,Pakke Kessang,0.06592429788445144,0.9898779349435768,Shock-Prone
Arunachal Pradesh,Papum Pare,-2.0932329943453473e-16,0.7977678418786818,Volatile
Arunachal Pradesh,Shi Yomi,0.035095263676465815,0.9534890865062848,Shock-Prone
Arunachal Pradesh,Siang,1.3646491344350883e-16,0.8910752995122704,Shock-Prone
Arunachal Pradesh,Tawang,-9.251858538542972e-17,0.8511466920387177,Volatile
Arunachal Pradesh,Tirap,-1.5728159515523052e-16,0.7900214382454235,Volatile
Arunachal Pradesh,Upper Siang,1.4802973661668753e-16,0.709587283439363,Shock-Prone
Arunachal Pradesh,Upper Subansiri,7.401486830834377e-17,0.7518454198555925,Shock-Prone
Arunachal Pradesh,West Kameng,-7.401486830834377e-17,0.8034296754763564,Volatile
Arunachal Pradesh,West Siang,3.700743415417188e-17,0.9002588337688949,Shock-Prone
Assam,Bajali,0.1330358539020701,0.8849239713184137,Shock-Prone
Assam,Baksa,2.220446049250313e-16,0.8698871994037177,Shock-Prone
Assam,Barpeta,-6.013708050052931e-17,0.5924256086981416,Volatile
Assam,Biswanath,1.6653345369377348e-16,0.8513114700422981,Shock-Prone
Assam,Bongaigaon,-2.590520390792032e-16,0.7774328447412474,Volatile
Assam,Cachar,-7.586524001605236e-16,0.9127495885395819,Volatile
Assam,Charaideo,5.551115123125783e-17,0.7438169342582258,Shock-Prone
Assam,Chirang,6.938893903907228e-17,0.7314024487953313,Shock-Prone
Assam,Darrang,1.0547118733938987e-15,0.8676923987936059,Shock-Prone
Assam,Dhemaji,-6.291263806209221e-16,0.7770400832856651,Volatile
Assam,Dhubri,-3.3769283665681843e-16,0.8010857981565109,Volatile
Assam,Dibrugarh,-1.2027416100105862e-16,0.9547205132826121,Volatile
Assam,Dima Hasao,0.11460702412139935,0.6584529965904206,Shock-Prone
Assam,Goalpara,-4.85722573273506e-16,0.7523119439793664,Volatile
Assam,Golaghat,1.4340380734741606e-16,0.8759114752589298,Shock-Prone
Assam,Hailakandi,-3.469446951953614e-16,0.8384182350146758,Volatile
Assam,Hojai,-7.771561172376096e-16,0.8652034255851426,Volatile
Assam,Jorhat,-9.251858538542972e-17,0.7447921324697128,Volatile
Assam,Kamrup,5.273559366969494e-16,0.5828123271957732,Shock-Prone
Assam,Kamrup Metro,-1.249000902703301e-16,0.823178465442734,Volatile
Assam,Karbi Anglong,-7.956598343146956e-16,0.8358180788645736,Volatile
Assam,Karimganj,3.23815048849004e-17,0.7729113759312204,Shock-Prone
Assam,Kokrajhar,-3.1456319031046104e-16,0.8860806376189225,Volatile
Assam,Lakhimpur,-6.938893903907228e-17,0.8718877938086386,Volatile
Assam,Majuli,-5.551115123125783e-17,0.9317488519607997,Volatile
Assam,Marigaon,3.7007434154171886e-16,0.8366975185665227,Shock-Prone
Assam,Nagaon,4.440892098500626e-16,0.6401715598449316,Shock-Prone
Assam,Nalbari,-1.942890293094024e-16,0.8571629940282574,Volatile
Assam,North Cachar Hills,1.6653345369377348e-16,0.813056130692204,Shock-Prone
Assam,Sibsagar,-3.1456319031046104e-16,0.8125522164801924,Volatile
Assam,Sonitpur,2.0354088784794536e-16,0.8209926731255607,Shock-Prone
Assam,South Salmara Mankachar,4.625929269271486e-16,0.6950108532043424,Shock-Prone
Assam,Sribhumi,-9.25185853854297e-18,0.7173274177428055,Volatile
Assam,Tamulpur District,-0.10247881757465538,0.6201134701827753,Volatile
Assam,Tinsukia,5.04226290350592e-16,0.7490974137742151,Shock-Prone
Assam,Udalguri,1.850371707708594e-17,0.8812883698168985,Shock-Prone
Assam,West Karbi Anglong,-1.7578531223231644e-16,0.8300830814921994,Volatile
Bihar,Araria,1.0408340855860843e-16,0.8766809492642472,Shock-Prone
Bihar,Arwal,1.4802973661668753e-16,0.89984193287651,Shock-Prone
Bihar,Aurangabad,-3.7007434154171886e-16,0.8077641803206268,Volatile
Bihar,Aurangabad(Bh),4.625929269271486e-17,0.9820823139430518,Shock-Prone
Bihar,Banka,6.360652745248292e-17,0.7049661731860448,Shock-Prone
Bihar,Begusarai,6.47630097698008e-17,0.9229518451336295,Shock-Prone
Bihar,Bhabua,0.08388779837522209,0.8032144285328697,Shock-Prone
Bihar,Bhagalpur,-2.6830389761774615e-16,0.7994668230117381,Volatile
Bihar,Bhojpur,5.435466891393995e-16,0.6367247195545555,Shock-Prone
Bihar,Buxar,-4.625929269271486e-17,0.5667917754746202,Volatile
Bihar,Darbhanga,-7.447746123527091e-16,0.8050220426951024,Volatile
Bihar,East Champaran,1.2998861246652875e-15,0.8924791930219539,Shock-Prone
Bihar,Gaya,2.0354088784794536e-16,0.731357608857506,Shock-Prone
Bihar,Gopalganj,-6.846375318521799e-16,0.8607955006524413,Volatile
Bihar,Jamui,-1.5913196686293911e-15,0.886472770608962,Volatile
Bihar,Jehanabad,1.896631000401309e-16,0.8275138657822508,Shock-Prone
Bihar,Kaimur (Bhabua),3.700743415417188e-17,0.8038823342255724,Shock-Prone
Bihar,Katihar,4.1402066959979794e-16,1.001115494240476,Shock-Prone
Bihar,Khagaria,2.544261098099317e-16,0.9101364429484314,Shock-Prone
Bihar,Kishanganj,2.4054832200211723e-16,0.8568529411971255,Shock-Prone
Bihar,Lakhisarai,-6.013708050052932e-16,0.6505120642299369,Volatile
Bihar,Madhepura,5.366077952354923e-16,0.6596264683584526,Shock-Prone
Bihar,Madhubani,1.295260195396016e-16,0.8500699756846521,Shock-Prone
Bihar,Monghyr,0.07058114101466205,0.5832746797992212,Shock-Prone
Bihar,Munger,-3.978299171573478e-16,0.839668944216178,Volatile
Bihar,Muzaffarpur,-2.891205793294679e-17,0.9391359176961853,Volatile
Bihar,Nalanda,8.326672684688674e-16,0.9074527829714025,Shock-Prone
Bihar,Nawada,1.1102230246251565e-16,0.826493805203645,Shock-Prone
Bihar,Pashchim Champaran,-1.3877787807814457e-16,0.6124257138396534,Volatile
Bihar,Patna,-7.262708952756233e-16,0.8238538100054363,Volatile
Bihar,Purba Champaran,-2.284052576702796e-17,0.5266202149897288,Volatile
Bihar,Purnea,1.850371707708594e-17,0.8592971229436901,Shock-Prone
Bihar,Purnia,-2.4517425127138875e-16,0.8599271167029429,Volatile
Bihar,Rohtas,-1.295260195396016e-16,0.8006277474472349,Volatile
Bihar,Saharsa,-1.4802973661668753e-16,0.7401389443732715,Volatile
Bihar,Samastipur,3.700743415417188e-17,0.9073877356710549,Shock-Prone
Bihar,Samstipur,7.864079757761526e-17,0.5793352453502131,Shock-Prone
Bihar,Saran,-1.1564823173178715e-16,0.8210790542487063,Volatile
Bihar,Sheikhpura,1.1102230246251565e-16,0.7113360061337868,Shock-Prone
Bihar,Sheikpura,0.010702730364169294,0.8514762456731206,Shock-Prone
Bihar,Sheohar,8.280413391995959e-16,0.7837554939849093,Shock-Prone
Bihar,Sitamarhi,1.295260195396016e-16,0.8198338612227843,Shock-Prone
Bihar,Siwan,1.4340380734741606e-16,0.8596978493965949,Shock-Prone
Bihar,Supaul,8.974302782386683e-16,0.731521795968801,Shock-Prone
Bihar,Vaishali,-7.401486830834377e-17,0.9405671643464956,Volatile
Bihar,West Champaran,4.255854927729767e-16,0.9126773333787054,Shock-Prone
Chandigarh,Chandigarh,-3.2381504884900397e-16,0.9363256991907676,Volatile
Chandigarh,Rupnagar,0.0519515848085737,0.4677062983483796,Sustained Stress
Chhattisgarh,Balod,-2.4054832200211723e-16,0.8081772390861707,Volatile
Chhattisgarh,Baloda Bazar,-1.8503717077085943e-16,0.9162526750035319,Volatile
Chhattisgarh,Balrampur,-7.424616477180734e-16,0.8936906270994586,Volatile
Chhattisgarh,Bastar,-3.1456319031046104e-16,0.9156599619881405,Volatile
Chhattisgarh,Bemetara,-3.5850951836854015e-17,1.0082424202466838,Volatile
Chhattisgarh,Bijapur,-5.551115123125783e-16,0.7913649630880174,Volatile
Chhattisgarh,Bilaspur,3.700743415417188e-17,0.8644518940123072,Shock-Prone
Chhattisgarh,Dakshin Bastar Dantewada,1.4802973661668753e-16,0.7007986633276618,Shock-Prone
Chhattisgarh,Dantewada,2.9605947323337506e-16,0.782602293877615,Shock-Prone
Chhattisgarh,Dhamtari,-1.3993436039546245e-16,0.8470068430005825,Volatile
Chhattisgarh,Durg,-3.4231876592608995e-16,0.633090253859622,Volatile
Chhattisgarh,Gariyaband,-3.700743415417188e-17,0.9647646981842687,Volatile
Chhattisgarh,Gaurela Pendra Marwahi,1.0177044392397268e-16,0.8953579965426027,Shock-Prone
Chhattisgarh,Janjgir Champa,-2.1741867565575981e-16,0.7790400122735347,Volatile
Chhattisgarh,Jashpur,-3.700743415417188e-17,0.8933311544652665,Volatile
Chhattisgarh,Kabeerdham,-4.163336342344337e-17,0.7546097926745113,Volatile
Chhattisgarh,Kanker,-9.71445146547012e-17,0.8060171498022727,Volatile
Chhattisgarh,Kawardha,8.326672684688674e-17,0.8903532929007355,Shock-Prone
Chhattisgarh,Khairagarh Chhuikhadan Gandai,-1.3877787807814457e-17,0.734008224694408,Volatile
Chhattisgarh,Kondagaon,3.3306690738754696e-16,0.9773482984471453,Shock-Prone
Chhattisgarh,Korba,1.1055970953558851e-15,0.5567669058130831,Shock-Prone
Chhattisgarh,Koriya,-7.632783294297951e-17,0.8244431000874572,Volatile
Chhattisgarh,Mahasamund,1.4802973661668753e-16,0.9078628584576804,Shock-Prone
Chhattisgarh,Manendragarh–Chirmiri–Bharatpur,-1.295260195396016e-16,0.5809261464639593,Volatile
Chhattisgarh,Mohalla Manpur Ambagarh Chowki,1.6884641832840922e-16,0.8608495272151654,Shock-Prone
Chhattisgarh,Mohla Manpur Ambagarh Chouki,1.295260195396016e-16,0.692078430226085,Shock-Prone
Chhattisgarh,Mungeli,-3.978299171573478e-16,0.824650073016448,Volatile
Chhattisgarh,Narayanpur,-6.938893903907228e-17,0.9300549541176263,Volatile
Chhattisgarh,Raigarh,-6.337523098901935e-16,0.583566118759963,Volatile
Chhattisgarh,Raipur,-5.898059818321144e-16,0.8122595979500071,Volatile
Chhattisgarh,Rajnandgaon,1.1102230246251565e-16,0.925254693271244,Shock-Prone
Chhattisgarh,Sakti,1.0639637319324417e-16,0.6613003751836399,Shock-Prone
Chhattisgarh,Sarangarh Bilaigarh,-3.9320398788807626e-16,0.9289409841118195,Volatile
Chhattisgarh,Sukma,-1.0639637319324417e-16,0.7671697490109939,Volatile
Chhattisgarh,Surajpur,2.0354088784794536e-16,0.8595884211814372,Shock-Prone
Chhattisgarh,Surguja,-1.0177044392397268e-16,0.7334752238252814,Volatile
Chhattisgarh,Uttar Bastar Kanker,1.850371707708594e-17,0.8375599563879713,Shock-Prone
Dadra & Nagar Haveli,Dadra & Nagar Haveli,-6.245004513516506e-17,0.7484630456762899,Volatile
Dadra And Nagar Haveli,Dadra And Nagar Haveli,-3.2381504884900397e-16,0.8659075745814294,Volatile
Dadra And Nagar Haveli And Daman And Diu,Dadra And Nagar Haveli,9.251858538542972e-17,0.8778119061328428,Shock-Prone
Dadra And Nagar Haveli And Daman And Diu,Daman,-1.850371707708594e-17,0.9321985100558897,Volatile
Dadra And Nagar Haveli And Daman And Diu,Diu,0.015554850919387983,0.5900079177966713,Shock-Prone
Daman & Diu,Daman,-3.700743415417188e-17,0.7679395311896272,Volatile
Daman & Diu,Diu,-9.251858538542972e-17,0.6940910558316701,Volatile
Daman And Diu,Daman,8.326672684688674e-17,0.6775704797072422,Shock-Prone
Daman And Diu,Diu,2.590520390792032e-16,0.8446867911844533,Shock-Prone
Delhi,Central Delhi,1.4802973661668753e-16,0.8031220346974591,Shock-Prone
Delhi,East Delhi,8.789265611615822e-17,0.43958115937774406,Sustained Stress
Delhi,Najafgarh,5.551115123125783e-17,0.826047174664081,Shock-Prone
Delhi,New Delhi,-1.8503717077085943e-16,0.6794025732514684,Volatile
Delhi,North Delhi,9.80697005085555e-16,0.8126711313519265,Shock-Prone
Delhi,North East,-1.1102230246251565e-16,0.7839005903282328,Volatile
Delhi,North East Delhi,-9.25185853854297e-18,0.8848775251079397,Volatile
Delhi,North West Delhi,5.967448757360216e-16,0.7543305615504292,Shock-Prone
Delhi,Shahdara,5.551115123125783e-17,0.8785532257026217,Shock-Prone
Delhi,South Delhi,-3.3306690738754696e-16,0.6591139631178936,Volatile
Delhi,South East Delhi,9.251858538542972e-17,0.7981884966027202,Shock-Prone
Delhi,South West Delhi,-9.80697005085555e-16,0.764859877560504,Volatile
Delhi,West Delhi,1.942890293094024e-16,0.6959310310390192,Shock-Prone
Goa,Bardez,-0.103553421843107,0.3230754545075017,Stable
Goa,North Goa,-4.625929269271486e-16,0.6131897874075692,Volatile
Goa,South Goa,-4.2095956350370517e-16,0.5349852631995945,Volatile
Gujarat,Ahmadabad,6.47630097698008e-17,0.6180772158628904,Shock-Prone
Gujarat,Ahmedabad,4.810966440042345e-16,0.6597267795655442,Shock-Prone
Gujarat,Amreli,-2.0354088784794536e-16,0.5900204026466305,Volatile
Gujarat,Anand,3.7238730617635457e-16,0.6721535599643162,Shock-Prone
Gujarat,Arvalli,2.498001805406602e-16,0.6241690295779434,Shock-Prone
Gujarat,Banas Kantha,1.850371707708594e-17,0.7020237359543983,Shock-Prone
Gujarat,Banaskantha,-3.608224830031759e-16,0.696632563834915,Volatile
Gujarat,Bharuch,-1.114848953894428e-15,0.7406704924520362,Volatile
Gujarat,Bhavnagar,9.251858538542972e-16,0.6973447675519466,Shock-Prone
Gujarat,Botad,-1.9197606467476666e-16,0.836006882610942,Volatile
Gujarat,Chhotaudepur,-4.903485025427775e-16,0.8273849425820904,Volatile
Gujarat,Dahod,-1.8041124150158794e-16,0.8130733628275052,Volatile
Gujarat,Devbhumi Dwarka,6.753856733136369e-16,0.8827493387380706,Shock-Prone
Gujarat,Dohad,-1.7578531223231644e-16,0.8026157861681337,Volatile
Gujarat,Gandhinagar,2.9605947323337506e-16,0.573945605324349,Shock-Prone
Gujarat,Gir Somnath,-4.533410683886056e-16,0.6481900840226075,Volatile
Gujarat,Jamnagar,-5.874930171974787e-16,0.8311017011748613,Volatile
Gujarat,Junagadh,7.401486830834377e-16,0.7838920240231758,Shock-Prone
Gujarat,Kachchh,4.903485025427775e-16,0.8211702933327845,Shock-Prone
Gujarat,Kheda,-6.522560269672795e-16,0.7541520918073479,Volatile
Gujarat,Mahesana,-6.013708050052932e-16,0.5724459105434129,Volatile
Gujarat,Mahisagar,-3.1456319031046104e-16,0.6399850646863405,Volatile
Gujarat,Morbi,5.366077952354923e-16,0.6363314622322743,Shock-Prone
Gujarat,Narmada,1.989149585786739e-16,0.8833604961479566,Shock-Prone
Gujarat,Navsari,6.476300976980079e-16,0.7333531835559848,Shock-Prone
Gujarat,Panch Mahals,-6.47630097698008e-17,0.7042579761422924,Volatile
Gujarat,Panchmahals,-4.625929269271486e-16,0.6908545728277719,Volatile
Gujarat,Patan,4.070817756958907e-16,0.5960752976738202,Shock-Prone
Gujarat,Porbandar,-2.868076146948321e-16,0.7559803317319261,Volatile
Gujarat,Rajkot,9.483155002006545e-17,0.5762077238265177,Shock-Prone
Gujarat,Sabar Kantha,-9.25185853854297e-18,0.8263859771428923,Volatile
Gujarat,Sabarkantha,-4.730012677830094e-16,0.8887492886037605,Volatile
Gujarat,Surat,-1.304512053934559e-15,0.7125317329183626,Volatile
Gujarat,Surendra Nagar,-6.245004513516506e-16,0.7225781498196063,Volatile
Gujarat,Surendranagar,1.295260195396016e-16,0.809359574155206,Shock-Prone
Gujarat,Tapi,-2.266705341943028e-16,0.6809490776149554,Volatile
Gujarat,The Dangs,2.52113145175296e-16,0.7583843982735932,Shock-Prone
Gujarat,Vadodara,-3.7007434154171886e-16,0.7312576767055265,Volatile
Gujarat,Valsad,-8.187894806610529e-16,0.5671115351030672,Volatile
Haryana,Ambala,-3.7007434154171886e-16,0.7872913409900325,Volatile
Haryana,Bhiwani,-7.401486830834377e-17,0.6829957029141637,Volatile
Haryana,Charkhi Dadri,1.8388068845354155e-16,0.8625098531041939,Shock-Prone
Haryana,Faridabad,-4.579669976578771e-16,0.5995922614909696,Volatile
Haryana,Fatehabad,1.1102230246251565e-16,0.84133668390406,Shock-Prone
Haryana,Gurgaon,-4.255854927729767e-16,0.8086829634194788,Volatile
Haryana,Hisar,-9.62193288008469e-16,0.6329911712497834,Volatile
Haryana,Jhajjar,-1.8503717077085943e-16,0.6256529834373856,Volatile
Haryana,Jind,7.077671781985373e-16,0.7785732294963876,Shock-Prone
Haryana,Kaithal,-2.220446049250313e-16,0.8436402731841125,Volatile
Haryana,Karnal,-1.4062824978585316e-15,0.685681422348302,Volatile
Haryana,Kurukshetra,-2.868076146948321e-16,0.8943502153476565,Volatile
Haryana,Mahendragarh,-2.7755575615628914e-16,0.7001389718007234,Volatile
Haryana,Mewat,-4.163336342344337e-16,0.5264033519662454,Volatile
Haryana,Palwal,9.598803233738333e-16,0.6408483133113273,Shock-Prone
Haryana,Panchkula,1.8503717077085943e-16,0.773044663389398,Shock-Prone
Haryana,Panipat,-4.533410683886056e-16,0.39818859965367764,Stable
Haryana,Rewari,3.7470027081099033e-16,0.8944632453011451,Shock-Prone
Haryana,Rohtak,-2.4054832200211723e-16,0.7511386404683361,Volatile
Haryana,Sirsa,1.2813824075882014e-15,0.570463530675089,Shock-Prone
Haryana,Sonipat,-4.996003610813204e-16,0.8651178247946765,Volatile
Haryana,Yamuna Nagar,-1.8041124150158794e-16,0.7866745192083556,Volatile
Haryana,Yamunanagar,-2.312964634635743e-17,0.8963055818701015,Volatile
Himachal Pradesh,Bilaspur,9.251858538542972e-17,0.7860479771557419,Shock-Prone
Himachal Pradesh,Chamba,-4.394632805807911e-17,0.7251942541947223,Volatile
Himachal Pradesh,Hamirpur,-2.868076146948321e-16,0.9110722195166854,Volatile
Himachal Pradesh,Kangra,2.9605947323337506e-16,0.8313343174545414,Shock-Prone
Himachal Pradesh,Kinnaur,2.636779683484747e-16,0.778583833895457,Shock-Prone
Himachal Pradesh,Kullu,2.590520390792032e-16,0.8178704196156059,Shock-Prone
Himachal Pradesh,Lahaul And Spiti,0.10311520210056445,0.7270988034264155,Shock-Prone
Himachal Pradesh,Lahul & Spiti,3.700743415417188e-17,0.9226799021958824,Shock-Prone
Himachal Pradesh,Lahul And Spiti,-1.1102230246251565e-16,0.810839968891567,Volatile
Himachal Pradesh,Mandi,2.7755575615628914e-17,0.8837206352816726,Shock-Prone
Himachal Pradesh,Shimla,-1.8503717077085943e-16,0.8098439599023592,Volatile
Himachal Pradesh,Sirmaur,8.049116928532385e-16,0.8784284492230302,Shock-Prone
Himachal Pradesh,Solan,2.590520390792032e-16,0.8178585730896679,Shock-Prone
Himachal Pradesh,Una,3.561965537339044e-16,0.6913172656695384,Shock-Prone
Jammu & Kashmir,Anantnag,0.17677632029743243,0.7499984090131174,Shock-Prone
Jammu & Kashmir,Badgam,0.0,,Shock-Prone
Jammu & Kashmir,Baramula,5.782411586589357e-17,0.937622408767778,Shock-Prone
Jammu & Kashmir,Jammu,2.0354088784794536e-16,0.7895199559533649,Shock-Prone
Jammu & Kashmir,Kargil,-0.3535526405948647,,Shock-Prone
Jammu & Kashmir,Kathua,-0.06373074870133588,0.8270178486702429,Volatile
Jammu & Kashmir,Leh (Ladakh),0.0,0.0,Sustained Stress
Jammu & Kashmir,Srinagar,0.499999000002,,Shock-Prone
Jammu And Kashmir,Anantnag,-1.6653345369377348e-16,0.5355679949965818,Volatile
Jammu And Kashmir,Badgam,-7.401486830834377e-17,0.835882364242155,Volatile
Jammu And Kashmir,Bandipore,2.0816681711721685e-16,0.5901968889552176,Shock-Prone
Jammu And Kashmir,Baramula,-1.4802973661668753e-16,0.6990583187949646,Volatile
Jammu And Kashmir,Budgam,-1.7578531223231644e-16,0.8055256777572692,Volatile
Jammu And Kashmir,Doda,1.7578531223231644e-16,0.7345856337782166,Shock-Prone
Jammu And Kashmir,Ganderbal,2.7755575615628914e-17,0.7680051585215953,Shock-Prone
Jammu And Kashmir,Jammu,1.133352670971514e-16,0.6388352881364983,Shock-Prone
Jammu And Kashmir,Kargil,4.255854927729767e-16,0.7872468850654836,Shock-Prone
Jammu And Kashmir,Kathua,-5.181040781584064e-16,0.7833094724163266,Volatile
Jammu And Kashmir,Kishtwar,-1.3877787807814457e-16,0.6174755577182548,Volatile
Jammu And Kashmir,Kulgam,-1.7578531223231644e-16,0.7370444488571366,Volatile
Jammu And Kashmir,Kupwara,-7.401486830834377e-17,0.7014402733410668,Volatile
Jammu And Kashmir,Leh,1.249000902703301e-16,0.6179271303675903,Shock-Prone
Jammu And Kashmir,Pulwama,2.4054832200211723e-16,0.8127513059280203,Shock-Prone
Jammu And Kashmir,Punch,-1.5728159515523052e-16,0.8704203962885082,Volatile
Jammu And Kashmir,Rajouri,1.1564823173178715e-16,0.7621468023388858,Shock-Prone
Jammu And Kashmir,Ramban,1.2027416100105862e-16,0.9512813309101144,Shock-Prone
Jammu And Kashmir,Reasi,2.868076146948321e-16,0.6950817088970056,Shock-Prone
Jammu And Kashmir,Samba,2.6599093298311044e-16,0.7226463294205767,Shock-Prone
Jammu And Kashmir,Shupiyan,2.5326962749261384e-16,0.7852660979580754,Shock-Prone
Jammu And Kashmir,Srinagar,4.533410683886056e-16,0.6516975423731107,Shock-Prone
Jammu And Kashmir,Udhampur,-3.1687615494509675e-16,0.8281228978438347,Volatile
Jharkhand,Bokaro,1.8503717077085943e-16,0.8012280415373907,Shock-Prone
Jharkhand,Chatra,0.0,0.7025357731852202,Shock-Prone
Jharkhand,Deoghar,8.419191270074103e-16,0.7102692067928167,Shock-Prone
Jharkhand,Dhanbad,-8.696747026230393e-16,0.6213241651833876,Volatile
Jharkhand,Dumka,-4.255854927729767e-16,0.4815599278765125,Stable
Jharkhand,East Singhbhum,1.6144493149757484e-15,0.5790854282045227,Shock-Prone
Jharkhand,Garhwa,5.181040781584064e-16,0.6111841651807367,Shock-Prone
Jharkhand,Garhwa *,-4.972873964466847e-17,0.8515285341862354,Volatile
Jharkhand,Giridih,-1.295260195396016e-16,0.6971678193297114,Volatile
Jharkhand,Godda,6.56881956236551e-16,0.7051502955650051,Shock-Prone
Jharkhand,Gumla,-7.401486830834377e-17,0.9049545104252985,Volatile
Jharkhand,Hazaribag,-8.326672684688674e-17,0.739398594409964,Volatile
Jharkhand,Hazaribagh,8.881784197001252e-16,0.6640067017270266,Shock-Prone
Jharkhand,Jamtara,1.3600232051658168e-15,0.5447561618036815,Shock-Prone
Jharkhand,Khunti,6.38378239159465e-16,0.6520673854978447,Shock-Prone
Jharkhand,Kodarma,-2.590520390792032e-16,0.7932614668301146,Volatile
Jharkhand,Koderma,5.423902068220817e-16,0.8448745632310112,Shock-Prone
Jharkhand,Latehar,4.1864659886906946e-16,0.4614825657485906,Sustained Stress
Jharkhand,Lohardaga,-2.4748721590602446e-16,0.568261991054946,Volatile
Jharkhand,Pakaur,3.2381504884900397e-16,0.7388605154620267,Shock-Prone
Jharkhand,Pakur,-4.85722573273506e-16,0.5620468577283163,Volatile
Jharkhand,Palamau,2.0816681711721685e-17,0.7180192760753992,Shock-Prone
Jharkhand,Palamu,7.725301879683381e-16,0.7139325690076274,Shock-Prone
Jharkhand,Pashchimi Singhbhum,4.625929269271486e-17,0.6739809120454485,Shock-Prone
Jharkhand,Purbi Singhbhum,1.4802973661668753e-16,0.7167871173252903,Shock-Prone
Jharkhand,Ramgarh,-1.0593378026631701e-15,0.6425741893690284,Volatile
Jharkhand,Ranchi,-3.4231876592608995e-16,0.9128344449983383,Volatile
Jharkhand,Sahebganj,-1.850371707708594e-17,0.7724704915904513,Volatile
Jharkhand,Sahibganj,-1.7578531223231644e-16,0.7283918095838889,Volatile
Jharkhand,Seraikela Kharsawan,7.401486830834377e-16,0.6705275558400097,Shock-Prone
Jharkhand,Simdega,4.984438787640025e-16,0.8411620579887482,Shock-Prone
Jharkhand,West Singhbhum,-4.290549397249303e-16,0.4324520629141003,Stable
Karnataka,Bagalkot,1.1102230246251565e-16,0.9374344538683183,Shock-Prone
Karnataka,Bagalkot *,-3.2381504884900397e-16,0.8530054888656149,Volatile
Karnataka,Ballari,-5.675436972237454e-16,0.7844695903813096,Volatile
Karnataka,Bangalore,-5.921189464667501e-16,0.9230835744090621,Volatile
Karnataka,Bangalore Rural,2.4054832200211723e-16,0.8813712023850474,Shock-Prone
Karnataka,Belagavi,3.700743415417188e-17,0.5066476567869483,Shock-Prone
Karnataka,Belgaum,3.885780586188048e-16,0.7158240304706569,Shock-Prone
Karnataka,Bellary,-8.557969148152249e-17,0.7658383019105617,Volatile
Karnataka,Bengaluru,-1.0269562977782698e-15,0.6922017611966634,Volatile
Karnataka,Bengaluru Rural,0.451157787478529,0.568444337863549,Shock-Prone
Karnataka,Bengaluru South,-1.1796119636642288e-16,0.6791007573734144,Volatile
Karnataka,Bidar,-1.1102230246251565e-16,0.8272483399988364,Volatile
Karnataka,Bijapur,-1.3877787807814457e-16,0.7489460365920785,Volatile
Karnataka,Bijapur(Kar),-0.35355264059486474,,Shock-Prone
Karnataka,Chamarajanagar,-9.25185853854297e-18,0.6097567620869677,Volatile
Karnataka,Chamarajanagar *,0.10437461273559882,0.6292509128406623,Shock-Prone
Karnataka,Chamrajanagar,3.0531133177191805e-16,0.6367408929494495,Shock-Prone
Karnataka,Chamrajnagar,5.551115123125783e-17,0.6906346031029428,Shock-Prone
Karnataka,Chickmagalur,-1.4224732503009818e-16,0.8327412545513125,Volatile
Karnataka,Chikkaballapur,2.1279274638648835e-16,0.8216681764742023,Shock-Prone
Karnataka,Chikkamagaluru,-1.5728159515523052e-16,0.8418012905137653,Volatile
Karnataka,Chikmagalur,2.4054832200211723e-16,0.7969315206276016,Shock-Prone
Karnataka,Chitradurga,6.47630097698008e-17,0.7718048165811171,Shock-Prone
Karnataka,Dakshina Kannada,6.938893903907228e-16,0.7122788339783839,Shock-Prone
Karnataka,Davanagere,-1.4802973661668753e-16,0.7683958663005582,Volatile
Karnataka,Davangere,1.5496863052059477e-15,0.8124154520047229,Shock-Prone
Karnataka,Dharwad,6.846375318521799e-16,0.9227708424184407,Shock-Prone
Karnataka,Gadag,-6.846375318521799e-16,0.8404838442554402,Volatile
Karnataka,Gadag *,-9.251858538542972e-17,1.006371282789964,Volatile
Karnataka,Gulbarga,6.846375318521799e-16,0.7563380646066511,Shock-Prone
Karnataka,Hasan,-3.3306690738754696e-16,0.8026421923885981,Volatile
Karnataka,Hassan,8.881784197001252e-16,0.7964397935147389,Shock-Prone
Karnataka,Haveri,2.590520390792032e-16,0.9189622760508622,Shock-Prone
Karnataka,Haveri *,-5.551115123125783e-17,0.9275400578669712,Volatile
Karnataka,Kalaburagi,-6.661338147750939e-16,0.543254774367016,Volatile
Karnataka,Kodagu,-5.736152293896642e-16,0.8307507105513013,Volatile
Karnataka,Kolar,4.255854927729767e-16,0.7559290636611531,Shock-Prone
Karnataka,Koppal,4.440892098500626e-16,0.9557320632231588,Shock-Prone
Karnataka,Mandya,4.903485025427775e-16,0.8068100452799594,Shock-Prone
Karnataka,Mysore,-4.070817756958907e-16,0.7767335980214963,Volatile
Karnataka,Mysuru,-2.7292982688701767e-16,0.44663134010375716,Stable
Karnataka,Raichur,-7.401486830834377e-17,0.6454961425011466,Volatile
Karnataka,Ramanagar,-1.6884641832840922e-16,0.5328933629949186,Volatile
Karnataka,Shimoga,3.4231876592608995e-16,0.9150078018654372,Shock-Prone
Karnataka,Shivamogga,-4.810966440042345e-16,0.7678750943886002,Volatile
Karnataka,Tumakuru,2.590520390792032e-16,0.5972335476381702,Shock-Prone
Karnataka,Tumkur,-1.0917193075480707e-15,0.8905828193340476,Volatile
Karnataka,Udupi,-7.031412489292658e-16,0.8173456725038184,Volatile
Karnataka,Uttara Kannada,-2.6830389761774615e-16,0.7534685825866805,Volatile
Karnataka,Vijayanagara,-2.0354088784794536e-16,0.8989214683067389,Volatile
Karnataka,Vijayapura,-3.284409781182755e-16,0.5362314980642833,Volatile
Karnataka,Yadgir,8.511709855459534e-16,0.8037615345606747,Shock-Prone
Kerala,Alappuzha,-1.942890293094024e-16,0.8710295142749266,Volatile
Kerala,Ernakulam,-1.6653345369377348e-16,0.928736163320362,Volatile
Kerala,Idukki,-6.47630097698008e-17,0.7518460520141337,Volatile
Kerala,Kannur,-9.251858538542972e-17,0.8451353890778246,Volatile
Kerala,Kasaragod,1.61907524424502e-17,0.7993010622028998,Shock-Prone
Kerala,Kasargod,-7.401486830834377e-17,0.875877639403303,Volatile
Kerala,Kollam,3.23815048849004e-17,0.8368022136102741,Shock-Prone
Kerala,Kottayam,6.291263806209221e-16,0.8469019529956285,Shock-Prone
Kerala,Kozhikode,-8.326672684688674e-16,0.8210699414424952,Volatile
Kerala,Malappuram,1.4802973661668753e-16,0.9191747205940841,Shock-Prone
Kerala,Palakkad,4.255854927729767e-16,0.9019034340620788,Shock-Prone
Kerala,Pathanamthitta,-1.2027416100105862e-16,0.976574217651729,Volatile
Kerala,Thiruvananthapuram,-5.366077952354923e-16,0.9256450348879811,Volatile
Kerala,Thrissur,-5.504855830433068e-16,0.936301185814179,Volatile
Kerala,Wayanad,7.401486830834377e-17,0.807687284074756,Shock-Prone
Ladakh,Kargil,-3.700743415417188e-17,0.6090597762026656,Volatile
Ladakh,Leh,1.1564823173178715e-16,0.5239236876673175,Shock-Prone
Lakshadweep,Lakshadweep,3.700743415417188e-17,0.6778543261700428,Shock-Prone
Madhya Pradesh,Agar Malwa,2.0354088784794536e-16,0.7641384752174541,Shock-Prone
Madhya Pradesh,Alirajpur,-1.4456028966473392e-16,0.6222418448653508,Volatile
Madhya Pradesh,Anuppur,9.251858538542972e-17,0.7545755497256961,Shock-Prone
Madhya Pradesh,Ashok Nagar,-2.7755575615628914e-17,0.5602959702559103,Volatile
Madhya Pradesh,Balaghat,-1.6653345369377348e-16,0.7158556795951568,Volatile
Madhya Pradesh,Barwani,-5.273559366969494e-16,0.8009919889361328,Volatile
Madhya Pradesh,Betul,-1.0177044392397268e-16,0.9902561313906616,Volatile
Madhya Pradesh,Bhind,6.892634611214513e-16,0.6610880795301461,Shock-Prone
Madhya Pradesh,Bhopal,-1.2119934685491292e-15,0.8968319025795124,Volatile
Madhya Pradesh,Burhanpur,-4.163336342344337e-16,0.5037268566297834,Volatile
Madhya Pradesh,Chhatarpur,3.0531133177191805e-16,0.5167033344937991,Shock-Prone
Madhya Pradesh,Chhindwara,6.013708050052932e-16,0.7190490906708182,Shock-Prone
Madhya Pradesh,Damoh,-3.23815048849004e-17,0.7630999678183048,Volatile
Madhya Pradesh,Datia,4.579669976578771e-16,0.4325566001412947,Sustained Stress
Madhya Pradesh,Dewas,-2.0354088784794536e-16,0.6546334013179391,Volatile
Madhya Pradesh,Dhar,-5.273559366969494e-16,0.9602748893528098,Volatile
Madhya Pradesh,Dindori,7.725301879683381e-16,0.8207056864263408,Shock-Prone
Madhya Pradesh,East Nimar,1.295260195396016e-16,0.9076362646454894,Shock-Prone
Madhya Pradesh,Guna,8.511709855459534e-16,0.5694005763647297,Shock-Prone
Madhya Pradesh,Gwalior,-3.1456319031046104e-16,0.7926284139918126,Volatile
Madhya Pradesh,Harda,-4.3483735131151963e-16,0.9280571839061894,Volatile
Madhya Pradesh,Harda *,-2.312964634635743e-16,0.7592766533752116,Volatile
Madhya Pradesh,Hoshangabad,5.366077952354923e-16,0.6661824359459976,Shock-Prone
Madhya Pradesh,Indore,1.4802973661668755e-15,0.7798949334476029,Shock-Prone
Madhya Pradesh,Jabalpur,9.992007221626409e-16,0.6213010162417512,Shock-Prone
Madhya Pradesh,Jhabua,-3.7470027081099033e-16,0.7134684824342648,Volatile
Madhya Pradesh,Katni,-2.393918396847994e-16,0.9371605485544923,Volatile
Madhya Pradesh,Khandwa,7.401486830834377e-17,0.7780119807850769,Shock-Prone
Madhya Pradesh,Khargone,1.4340380734741606e-16,0.7942547936722352,Shock-Prone
Madhya Pradesh,Maihar,-2.7755575615628914e-17,0.658992770355031,Volatile
Madhya Pradesh,Mandla,-6.753856733136369e-16,0.8823061438640928,Volatile
Madhya Pradesh,Mandsaur,4.163336342344337e-16,0.8191924495107272,Shock-Prone
Madhya Pradesh,Mauganj,-1.6653345369377348e-16,0.7997578787096039,Volatile
Madhya Pradesh,Morena,-1.6653345369377348e-16,0.5987126492269133,Volatile
Madhya Pradesh,Narmadapuram,-1.1796119636642288e-16,0.6731200665971241,Volatile
Madhya Pradesh,Narsimhapur,1.7578531223231644e-16,0.785838396484299,Shock-Prone
Madhya Pradesh,Narsinghpur,3.608224830031759e-16,0.7455368190598824,Shock-Prone
Madhya Pradesh,Neemuch,2.868076146948321e-16,0.9302677531789281,Shock-Prone
Madhya Pradesh,Niwari,-8.326672684688674e-17,0.6873908352173607,Volatile
Madhya Pradesh,Pandhurna,1.1102230246251565e-16,0.6441649548048851,Shock-Prone
Madhya Pradesh,Panna,3.23815048849004e-17,0.40974622518292525,Sustained Stress
Madhya Pradesh,Raisen,5.088522196198634e-16,0.8699973803242521,Shock-Prone
Madhya Pradesh,Rajgarh,-1.5011140478785971e-15,0.6593599690984971,Volatile
Madhya Pradesh,Ratlam,4.903485025427775e-16,0.7049380521838252,Shock-Prone
Madhya Pradesh,Rewa,2.4517425127138875e-16,0.5380712268595643,Shock-Prone
Madhya Pradesh,Sagar,-3.585095183685401e-16,0.6315670736387328,Volatile
Madhya Pradesh,Satna,-9.25185853854297e-18,0.909570544181122,Volatile
Madhya Pradesh,Sehore,-3.515706244646329e-16,0.9085601169328231,Volatile
Madhya Pradesh,Seoni,-2.0354088784794536e-16,0.8059412929131763,Volatile
Madhya Pradesh,Shahdol,3.7007434154171886e-16,0.9108507613984147,Shock-Prone
Madhya Pradesh,Shajapur,-1.3785269222429026e-15,0.6941721923253683,Volatile
Madhya Pradesh,Sheopur,1.7578531223231644e-16,0.7141083088033795,Shock-Prone
Madhya Pradesh,Shivpuri,8.326672684688674e-17,0.8205275383328984,Shock-Prone
Madhya Pradesh,Sidhi,-4.163336342344337e-16,0.7832972129326752,Volatile
Madhya Pradesh,Singrauli,2.7755575615628914e-17,0.8020768972145218,Shock-Prone
Madhya Pradesh,Tikamgarh,3.1456319031046104e-16,0.8225156270168734,Shock-Prone
Madhya Pradesh,Ujjain,-4.440892098500626e-16,0.7996327489312848,Volatile
Madhya Pradesh,Umaria,1.6653345369377348e-16,0.8606868117719215,Shock-Prone
Madhya Pradesh,Vidisha,-9.945747928933695e-16,0.9330926748844731,Volatile
Madhya Pradesh,West Nimar,1.7578531223231644e-16,0.8849102413106663,Shock-Prone
Maharashtra,Ahilyanagar,0.7449765839458364,,Shock-Prone
Maharashtra,Ahmadnagar,0.0,0.7134059107139866,Shock-Prone
Maharashtra,Ahmed Nagar,9.25185853854297e-18,0.6657725879021271,Shock-Prone
Maharashtra,Akola,3.3769283665681843e-16,0.8000302601854449,Shock-Prone
Maharashtra,Amravati,0.0,0.7846338615153439,Shock-Prone
Maharashtra,Aurangabad,1.4802973661668753e-16,0.6308561085912493,Shock-Prone
Maharashtra,Beed,-6.013708050052932e-16,0.710869692773557,Volatile
Maharashtra,Bhandara,-1.3877787807814457e-17,0.8525010241917705,Volatile
Maharashtra,Bid,-4.163336342344337e-17,0.7739472768269053,Volatile
Maharashtra,Buldana,-1.2027416100105862e-16,0.801978016254101,Volatile
Maharashtra,Buldhana,-1.4802973661668753e-16,0.764684606198321,Volatile
Maharashtra,Chandrapur,4.718447854656915e-16,0.8795219086306775,Shock-Prone
Maharashtra,Chatrapati Sambhaji Nagar,9.25185853854297e-18,0.6031166569928422,Shock-Prone
Maharashtra,Chhatrapati Sambhajinagar,-7.401486830834377e-17,0.827515659789742,Volatile
Maharashtra,Dharashiv,2.4054832200211723e-16,0.7566490681170793,Shock-Prone
Maharashtra,Dhule,-6.753856733136369e-16,0.6846629420529261,Volatile
Maharashtra,Gadchiroli,2.821816854255606e-16,0.7706392684437238,Shock-Prone
Maharashtra,Gondia,1.5728159515523052e-16,0.7080873935582032,Shock-Prone
Maharashtra,Gondiya,-1.7578531223231644e-16,0.7917600949376858,Volatile
Maharashtra,Gondiya *,0.0,0.776925228898891,Shock-Prone
Maharashtra,Hingoli,-2.7755575615628914e-17,0.6742988523964392,Volatile
Maharashtra,Hingoli *,0.0,,Shock-Prone
Maharashtra,Jalgaon,3.3769283665681843e-16,0.8061910297718201,Shock-Prone
Maharashtra,Jalna,5.088522196198634e-16,0.7692971903447985,Shock-Prone
Maharashtra,Kolhapur,-6.938893903907228e-17,0.7027016754771515,Volatile
Maharashtra,Latur,-2.868076146948321e-16,0.7137130777284832,Volatile
Maharashtra,Mumbai,-9.321247477582044e-16,0.7075447778811172,Volatile
Maharashtra,Mumbai City,4.810966440042345e-16,0.7831539323803862,Shock-Prone
Maharashtra,Mumbai Suburban,-1.7578531223231646e-15,0.6559791477198793,Volatile
Maharashtra,Mumbai( Sub Urban ),-2.7755575615628914e-17,0.7854855299881666,Volatile
Maharashtra,Nagpur,1.2027416100105862e-16,0.7030179758856939,Shock-Prone
Maharashtra,Nanded,-8.326672684688674e-17,0.6966668642371796,Volatile
Maharashtra,Nandurbar,-7.401486830834377e-16,0.6404487164383614,Volatile
Maharashtra,Nandurbar *,-1.249000902703301e-16,0.6322603276908184,Volatile
Maharashtra,Nashik,5.134781488891349e-16,0.7461855326077643,Shock-Prone
Maharashtra,Osmanabad,1.942890293094024e-16,0.7462208406895966,Shock-Prone
Maharashtra,Palghar,3.978299171573478e-16,0.8284781728113167,Shock-Prone
Maharashtra,Parbhani,-1.8041124150158794e-16,0.6805327491687043,Volatile
Maharashtra,Pune,-3.191891195797325e-16,0.6265060885394383,Volatile
Maharashtra,Raigad,-5.551115123125783e-17,0.6016928244226444,Volatile
Maharashtra,Raigarh,1.5265566588595902e-16,0.6196650096375437,Shock-Prone
Maharashtra,Raigarh(Mh),-2.312964634635743e-16,0.9545365646474582,Volatile
Maharashtra,Ratnagiri,1.6190752442450199e-16,0.805815959083199,Shock-Prone
Maharashtra,Sangli,-1.8503717077085943e-16,0.7629303353621586,Volatile
Maharashtra,Satara,3.793262000802618e-16,0.5834639980059919,Shock-Prone
Maharashtra,Sindhudurg,2.266705341943028e-16,0.575205721688068,Shock-Prone
Maharashtra,Solapur,4.76470714734963e-16,0.7243974461214095,Shock-Prone
Maharashtra,Thane,-1.5728159515523052e-16,0.4754899966381538,Stable
Maharashtra,Wardha,-7.632783294297951e-17,0.613612426932384,Volatile
Maharashtra,Washim,-1.896631000401309e-16,0.8218868653494255,Volatile
Maharashtra,Washim *,-7.401486830834377e-17,0.6775620446892268,Volatile
Maharashtra,Yavatmal,4.718447854656915e-16,0.836195532349487,Shock-Prone
Manipur,Bishnupur,-3.515706244646329e-16,0.7850872878142034,Volatile
Manipur,Chandel,3.515706244646329e-16,0.5284548817237951,Shock-Prone
Manipur,Churachandpur,3.700743415417188e-17,0.6680383058264682,Shock-Prone
Manipur,Imphal East,4.625929269271486e-17,0.43546673956771703,Sustained Stress
Manipur,Imphal West,4.810966440042345e-16,0.8032010046318584,Shock-Prone
Manipur,Jiribam,2.7755575615628914e-17,0.8870825105415696,Shock-Prone
Manipur,Kakching,-5.551115123125783e-17,0.8469212354762642,Volatile
Manipur,Senapati,4.4177624521542686e-16,0.8634858863183018,Shock-Prone
Manipur,Tamenglong,-6.938893903907228e-17,0.9656825327405492,Volatile
Manipur,Thoubal,-3.7470027081099033e-16,0.6252006968111223,Volatile
Manipur,Ukhrul,-8.326672684688674e-17,0.7289840682012975,Volatile
Meghalaya,East Garo Hills,1.850371707708594e-17,0.8626860139388066,Shock-Prone
Meghalaya,East Jaintia Hills,2.312964634635743e-16,0.7768753248528653,Shock-Prone
Meghalaya,East Khasi Hills,8.511709855459534e-16,0.8482886977831774,Shock-Prone
Meghalaya,Eastern West Khasi Hills,0.11103376554424287,0.41893661118942477,Sustained Stress
Meghalaya,Jaintia Hills,0.1555425606614175,0.823053867592578,Shock-Prone
Meghalaya,North Garo Hills,2.9605947323337506e-16,0.8989674350243041,Shock-Prone
Meghalaya,Ri Bhoi,1.6653345369377348e-16,0.770995884648807,Shock-Prone
Meghalaya,South Garo Hills,1.2027416100105862e-16,0.9220252333098864,Shock-Prone
Meghalaya,South West Garo Hills,2.0816681711721685e-17,0.8844026115804814,Shock-Prone
Meghalaya,South West Khasi Hills,-1.295260195396016e-16,0.8873749142073002,Volatile
Meghalaya,West Garo Hills,1.1102230246251565e-16,0.9708705468791394,Shock-Prone
Meghalaya,West Jaintia Hills,3.515706244646329e-16,0.6387726668784733,Shock-Prone
Meghalaya,West Khasi Hills,2.590520390792032e-16,0.8437565510694063,Shock-Prone
Mizoram,Aizawl,5.551115123125783e-17,0.9281982106658339,Shock-Prone
Mizoram,Champhai,1.1564823173178715e-16,0.6626719146721146,Shock-Prone
Mizoram,Hnahthial,0.04166661458339849,0.8918405659635316,Shock-Prone
Mizoram,Khawzawl,-0.737583147580451,,Shock-Prone
Mizoram,Kolasib,-8.326672684688674e-17,0.6838861765953032,Volatile
Mizoram,Lawngtlai,-1.1564823173178713e-18,0.9614575463342901,Volatile
Mizoram,Lunglei,-1.7578531223231644e-16,0.7985372122630852,Volatile
Mizoram,Mamit,-1.0639637319324417e-16,0.8037425827331098,Volatile
Mizoram,Mammit,-1.1102230246251565e-16,0.6839272267624947,Volatile
Mizoram,Saiha,-6.47630097698008e-17,0.6273690680161734,Volatile
Mizoram,Saitual,-0.021837384867633265,0.4326696725646257,Stable
Mizoram,Serchhip,1.850371707708594e-17,0.730044396940762,Shock-Prone
Nagaland,Chumukedima,-1.0177044392397268e-16,0.7298983681736819,Volatile
Nagaland,Dimapur,-5.551115123125783e-17,0.7552708811725204,Volatile
Nagaland,Kiphire,-5.551115123125783e-17,0.8951485830700958,Volatile
Nagaland,Kohima,1.1102230246251565e-16,0.9131890989988412,Shock-Prone
Nagaland,Longleng,-6.938893903907228e-17,0.6940991350985853,Volatile
Nagaland,Meluri,1.850371707708594e-17,0.6741030445006464,Shock-Prone
Nagaland,Mokokchung,-3.885780586188048e-16,0.7836084105260364,Volatile
Nagaland,Mon,1.2027416100105862e-16,0.938489778816782,Shock-Prone
Nagaland,Niuland,-6.707597440443654e-17,0.7452495298597512,Volatile
Nagaland,Noklak,2.0354088784794536e-16,0.7804821897129108,Shock-Prone
Nagaland,Peren,1.1102230246251565e-16,0.5427792913961352,Shock-Prone
Nagaland,Phek,1.3877787807814457e-16,0.939014714683853,Shock-Prone
Nagaland,Shamator,0.03192976441671232,0.6759966859533119,Shock-Prone
Nagaland,Tseminyu,-0.11063938632171369,0.6060404582900422,Volatile
Nagaland,Tuensang,1.0177044392397268e-16,0.818967376084957,Shock-Prone
Nagaland,Wokha,9.251858538542972e-17,0.6859673208606017,Shock-Prone
Nagaland,Zunheboto,3.006854025026466e-16,0.8903189794357333,Shock-Prone
Odisha,Angul,-1.8735013540549517e-16,0.8066260809553564,Volatile
Odisha,Anugul,9.251858538542972e-17,0.7226657083105088,Shock-Prone
Odisha,Balangir,6.013708050052932e-16,0.9837480305344143,Shock-Prone
Odisha,Baleshwar,-5.504855830433068e-16,0.6605437876855859,Volatile
Odisha,Baleswar,2.590520390792032e-16,0.9702301443715364,Shock-Prone
Odisha,Bargarh,-4.76470714734963e-16,1.0273412074986434,Volatile
Odisha,Baudh,-9.25185853854297e-18,0.8035017061023364,Volatile
Odisha,Bhadrak,2.6830389761774615e-16,0.8519893818924756,Shock-Prone
Odisha,Boudh,7.170190367370803e-17,0.9646856154952034,Shock-Prone
Odisha,Cuttack,-3.515706244646329e-16,0.9742312650089318,Volatile
Odisha,Debagarh,-3.1456319031046104e-16,0.8916837619796546,Volatile
Odisha,Dhenkanal,2.1163626406917047e-16,0.7921481887302533,Shock-Prone
Odisha,Gajapati,-9.159339953157541e-16,0.9624488152542265,Volatile
Odisha,Ganjam,-5.551115123125783e-17,0.9991428649547,Volatile
Odisha,Jagatsinghapur,-1.942890293094024e-16,0.9781317095322245,Volatile
Odisha,Jagatsinghpur,2.7755575615628914e-16,0.9127790805270627,Shock-Prone
Odisha,Jajapur,4.903485025427775e-16,0.7572354728815874,Shock-Prone
Odisha,Jajpur,-2.3129646346357427e-18,0.5985666199914477,Volatile
Odisha,Jharsuguda,-2.914335439641036e-16,0.8302563627532733,Volatile
Odisha,Kalahandi,-2.4054832200211723e-16,0.9794129764188795,Volatile
Odisha,Kandhamal,-4.85722573273506e-17,0.913518294012923,Volatile
Odisha,Kendrapara,-9.251858538542972e-17,0.9317055112651133,Volatile
Odisha,Kendujhar,-1.8503717077085943e-16,0.9741273012022267,Volatile
Odisha,Khorda,-2.7755575615628914e-16,0.9548336018383491,Volatile
Odisha,Khordha,-7.864079757761526e-17,0.8641325207627746,Volatile
Odisha,Koraput,9.205599245850256e-16,0.8825666640740056,Shock-Prone
Odisha,Malkangiri,-4.76470714734963e-16,0.7988523250845613,Volatile
Odisha,Mayurbhanj,4.001428817919835e-16,0.9251161142878596,Shock-Prone
Odisha,Nabarangapur,-6.013708050052931e-17,0.8629805577290708,Volatile
Odisha,Nayagarh,5.551115123125783e-17,0.8937975059914914,Shock-Prone
Odisha,Nuapada,-4.961309141293668e-16,1.011493365969282,Volatile
Odisha,Puri,-5.273559366969494e-16,0.9588009493576918,Volatile
Odisha,Rayagada,-8.743006318923108e-16,0.7720661933813014,Volatile
Odisha,Sambalpur,1.3877787807814457e-17,0.8303119507507095,Shock-Prone
Odisha,Sonapur,-1.734723475976807e-16,0.9844326240425885,Volatile
Odisha,Subarnapur,3.0531133177191805e-16,0.6756126558114435,Shock-Prone
Odisha,Sundargarh,1.5728159515523052e-16,0.8276064582749415,Shock-Prone
Odisha,Sundergarh,-8.789265611615822e-17,0.7471982419535482,Volatile
Orissa,Anugul,6.938893903907228e-17,0.5593861712183396,Shock-Prone
Orissa,Balangir,-4.163336342344337e-16,0.6497603573000418,Volatile
Orissa,Baleshwar,-6.47630097698008e-17,0.691624883479961,Volatile
Orissa,Baleswar,-0.45226592596018594,,Shock-Prone
Orissa,Bargarh,1.2027416100105862e-16,0.7106751222849499,Shock-Prone
Orissa,Bhadrak,6.615078855058224e-16,0.6200404594571163,Shock-Prone
Orissa,Cuttack,2.9605947323337506e-16,0.5904406619139927,Shock-Prone
Orissa,Dhenkanal,-1.0177044392397268e-16,0.7687306008291436,Volatile
Orissa,Gajapati,0.08159989847871435,0.6181530510431157,Shock-Prone
Orissa,Ganjam,-2.590520390792032e-16,0.5594054457357915,Volatile
Orissa,Jagatsinghapur,-1.295260195396016e-16,0.8727176271128294,Volatile
Orissa,Jajapur,1.4340380734741606e-16,0.7274986237515484,Shock-Prone
Orissa,Jharsuguda,0.030485515737668202,0.8694893825519573,Shock-Prone
Orissa,Kalahandi,0.13397409621719236,,Shock-Prone
Orissa,Kandhamal,7.632783294297951e-17,0.5496569878680247,Shock-Prone
Orissa,Kendrapara,4.625929269271485e-18,0.6992745305593426,Shock-Prone
Orissa,Kendujhar,7.401486830834377e-17,0.9017365679069342,Shock-Prone
Orissa,Khorda,-0.499999000002,,Shock-Prone
Orissa,Khordha,8.187894806610529e-16,0.820007762697064,Shock-Prone
Orissa,Koraput,7.401486830834377e-17,0.7857065288281089,Shock-Prone
Orissa,Malkangiri,-7.864079757761526e-17,0.733207189533373,Volatile
Orissa,Mayurbhanj,-0.03166217053772199,0.9438202527373547,Volatile
Orissa,Nayagarh,-1.1102230246251565e-16,0.6781745353351557,Volatile
Orissa,Nuapada,0.0,,Shock-Prone
Orissa,Puri,-2.312964634635743e-17,0.8839045035893678,Volatile
Orissa,Rayagada,-2.7755575615628914e-17,0.7472788182006012,Volatile
Orissa,Sambalpur,3.23815048849004e-17,0.7231106046257169,Shock-Prone
Orissa,Sonapur,-0.01228496977058402,0.9220433963442246,Volatile
Orissa,Subarnapur,0.4450948727668833,0.7210943726019545,Shock-Prone
Orissa,Sundargarh,-2.914335439641036e-16,0.754482655704006,Volatile
Pondicherry,Karaikal,8.326672684688674e-17,0.8636491669922494,Shock-Prone
Pondicherry,Pondicherry,1.295260195396016e-16,0.8819512436568676,Shock-Prone
Pondicherry,Yanam,-9.483155002006545e-17,0.6182617012672941,Volatile
Puducherry,Karaikal,1.503427012513233e-16,1.000398695901712,Shock-Prone
Puducherry,Pondicherry,-0.004158718909472914,0.4829801930800346,Stable
Puducherry,Puducherry,1.3415194880887307e-16,0.9179178326907487,Shock-Prone
Puducherry,Yanam,0.03663112927954563,0.7190044732670557,Shock-Prone
Punjab,Amritsar,-2.220446049250313e-16,0.7345732934262738,Volatile
Punjab,Barnala,2.312964634635743e-17,0.7507209352317168,Shock-Prone
Punjab,Bathinda,1.0778415197402562e-15,0.6540752594789668,Shock-Prone
Punjab,Faridkot,-2.1279274638648835e-16,0.8905945695172803,Volatile
Punjab,Fatehgarh Sahib,1.0870933782787991e-16,0.7680023600524919,Shock-Prone
Punjab,Fazilka,1.5728159515523052e-16,0.7860113590870688,Shock-Prone
Punjab,Ferozepur,-1.0547118733938987e-15,0.6941406766386193,Volatile
Punjab,Firozpur,-6.47630097698008e-17,0.7147414815575142,Volatile
Punjab,Gurdaspur,-1.7115938296304497e-16,0.5996310085163958,Volatile
Punjab,Hoshiarpur,-7.401486830834377e-16,0.6163287782855034,Volatile
Punjab,Jalandhar,2.220446049250313e-16,0.6015173112609856,Shock-Prone
Punjab,Kapurthala,1.5728159515523052e-16,0.7505945014831527,Shock-Prone
Punjab,Ludhiana,-1.3877787807814457e-16,0.5189695647715372,Volatile
Punjab,Malerkotla,9.25185853854297e-18,0.714305387567412,Shock-Prone
Punjab,Mansa,8.326672684688674e-16,0.6398774374319053,Shock-Prone
Punjab,Moga,-2.9605947323337506e-16,0.922415878319701,Volatile
Punjab,Muktsar,-2.7755575615628914e-17,0.5037116326791148,Volatile
Punjab,Nawanshahr,-6.47630097698008e-17,0.6486989482978712,Volatile
Punjab,Pathankot,5.736152293896642e-16,0.6470132089015004,Shock-Prone
Punjab,Patiala,-3.1456319031046104e-16,0.6332587011479061,Volatile
Punjab,Rupnagar,-1.8503717077085943e-16,0.6826942228805731,Volatile
Punjab,S.A.S Nagar(Mohali),3.700743415417188e-17,0.799851404077033,Shock-Prone
Punjab,Sangrur,7.864079757761526e-17,0.9271234157888775,Shock-Prone
Punjab,Sas Nagar (Mohali),-1.3785269222429026e-15,0.8887018554617986,Volatile
Punjab,Shaheed Bhagat Singh Nagar,-2.868076146948321e-16,0.6714771405663841,Volatile
Punjab,Sri Muktsar Sahib,3.515706244646329e-16,0.7904749580997693,Shock-Prone
Punjab,Tarn Taran,7.771561172376096e-16,0.8001293825044068,Shock-Prone
Rajasthan,Ajmer,-4.440892098500626e-16,0.8042367548182032,Volatile
Rajasthan,Alwar,-1.896631000401309e-16,0.9689010450253512,Volatile
Rajasthan,Balotra,-0.05146722477348628,0.6127084667575765,Volatile
Rajasthan,Banswara,2.590520390792032e-16,0.7700130808037087,Shock-Prone
Rajasthan,Baran,3.0531133177191805e-16,0.820940629569302,Shock-Prone
Rajasthan,Barmer,6.846375318521799e-16,0.7633832314682482,Shock-Prone
Rajasthan,Beawar,0.17966553582305766,1.7676358885145858,Shock-Prone
Rajasthan,Bharatpur,4.163336342344337e-16,0.9060011491132821,Shock-Prone
Rajasthan,Bhilwara,-5.551115123125783e-17,0.7335261312999832,Volatile
Rajasthan,Bikaner,-6.38378239159465e-16,0.8991045873621252,Volatile
Rajasthan,Bundi,1.989149585786739e-16,0.9517982658669157,Shock-Prone
Rajasthan,Chittaurgarh,1.295260195396016e-16,0.7359841472643674,Shock-Prone
Rajasthan,Chittorgarh,-2.0354088784794536e-16,0.8926748177789375,Volatile
Rajasthan,Churu,-1.850371707708594e-17,0.9881274168077274,Volatile
Rajasthan,Dausa,7.401486830834377e-17,0.956634614015948,Shock-Prone
Rajasthan,Deeg,4.625929269271486e-17,0.8022667179695179,Shock-Prone
Rajasthan,Dhaulpur,1.1564823173178715e-16,0.7983000334322268,Shock-Prone
Rajasthan,Dholpur,9.251858538542972e-17,0.919437917462322,Shock-Prone
Rajasthan,Didwana Kuchaman,-0.18197989007176535,,Shock-Prone
Rajasthan,Dungarpur,1.8503717077085943e-16,0.8640611888782666,Shock-Prone
Rajasthan,Ganganagar,-6.47630097698008e-17,0.9460291657951623,Volatile
Rajasthan,Hanumangarh,-2.7755575615628914e-17,1.005728223711679,Volatile
Rajasthan,Jaipur,3.3306690738754696e-16,0.9149553710267624,Shock-Prone
Rajasthan,Jaisalmer,-4.625929269271486e-16,0.6572538864013159,Volatile
Rajasthan,Jalor,-2.0354088784794536e-16,0.8990366101610872,Volatile
Rajasthan,Jalore,0.08766520034830098,0.8093177644362128,Shock-Prone
Rajasthan,Jhalawar,1.5728159515523052e-16,0.8705802903888537,Shock-Prone
Rajasthan,Jhunjhunu,-6.938893903907228e-17,0.6258719345827684,Volatile
Rajasthan,Jhunjhunun,2.868076146948321e-16,0.979340799543167,Shock-Prone
Rajasthan,Jodhpur,7.401486830834377e-17,0.9399774120610578,Shock-Prone
Rajasthan,Karauli,3.978299171573478e-16,0.9584868977256835,Shock-Prone
Rajasthan,Khairthal Tijara,0.10136136672349183,0.8443811438885769,Shock-Prone
Rajasthan,Kota,5.551115123125783e-16,0.7432644835417174,Shock-Prone
Rajasthan,Kotputli Behror,0.21754386552623636,0.9893751112493165,Shock-Prone
Rajasthan,Nagaur,1.8503717077085943e-16,0.933800333975896,Shock-Prone
Rajasthan,Pali,1.850371707708594e-17,0.8194959137108367,Shock-Prone
Rajasthan,Phalodi,-0.27869308921184144,,Shock-Prone
Rajasthan,Pratapgarh,6.372217568421471e-16,0.7830052089848906,Shock-Prone
Rajasthan,Rajsamand,3.0531133177191805e-16,0.6979405383398428,Shock-Prone
Rajasthan,Sawai Madhopur,-1.1102230246251565e-16,0.9615142735878305,Volatile
Rajasthan,Sikar,-2.7755575615628914e-16,0.8900443294946104,Volatile
Rajasthan,Sirohi,1.0177044392397268e-16,0.967352929268971,Shock-Prone
Rajasthan,Tonk,-1.295260195396016e-16,0.8212116159749723,Volatile
Rajasthan,Udaipur,2.7755575615628914e-17,0.8400451907641104,Shock-Prone
Sikkim,East,-1.1102230246251565e-16,0.7851183784492705,Volatile
Sikkim,East Sikkim,-4.2789845740761244e-17,0.618577449283831,Volatile
Sikkim,Namchi,-0.34324169824653716,0.6642744494906172,Volatile
Sikkim,North,7.401486830834377e-17,0.7577817375241833,Shock-Prone
Sikkim,North Sikkim,-2.7755575615628914e-17,0.7235572644496586,Volatile
Sikkim,South,2.220446049250313e-16,0.9605074600986185,Shock-Prone
Sikkim,South Sikkim,-4.810966440042345e-16,0.8485794454752944,Volatile
Sikkim,West,1.700029006457271e-16,0.6423075622563271,Shock-Prone
Sikkim,West Sikkim,-2.498001805406602e-16,0.7709557068140814,Volatile
Tamil Nadu,Ariyalur,1.6075104210718413e-16,1.0387188936430287,Shock-Prone
Tamil Nadu,Chengalpattu,-3.0531133177191805e-16,0.8647215724653767,Volatile
Tamil Nadu,Chennai,-7.401486830834377e-17,1.0104872670245375,Volatile
Tamil Nadu,Coimbatore,1.0732155904709846e-15,0.8987227374166922,Shock-Prone
Tamil Nadu,Cuddalore,1.1102230246251565e-16,0.9396494774216865,Shock-Prone
Tamil Nadu,Dharmapuri,-4.1170770496516223e-16,0.9787010039096097,Volatile
Tamil Nadu,Dindigul,5.921189464667501e-16,1.0205983725372076,Shock-Prone
Tamil Nadu,Erode,-3.3306690738754696e-16,0.9870940783512282,Volatile
Tamil Nadu,Kallakurichi,1.850371707708594e-17,0.9343705016427507,Shock-Prone
Tamil Nadu,Kancheepuram,7.401486830834377e-17,1.0049189561750627,Shock-Prone
Tamil Nadu,Kanchipuram,0.0,0.0,Sustained Stress
Tamil Nadu,Kanniyakumari,-2.2435756955966707e-16,1.0026869025372676,Volatile
Tamil Nadu,Kanyakumari,1.3183898417423734e-15,0.7817451209335435,Shock-Prone
Tamil Nadu,Karur,2.3592239273284576e-16,0.9370655228746033,Shock-Prone
Tamil Nadu,Krishnagiri,-6.846375318521799e-16,0.9808098436661307,Volatile
Tamil Nadu,Madurai,-2.590520390792032e-16,1.014188584659013,Volatile
Tamil Nadu,Mayiladuthurai,7.401486830834377e-17,0.9016057711323943,Shock-Prone
Tamil Nadu,Nagapattinam,-3.885780586188048e-16,0.8089479777651637,Volatile
Tamil Nadu,Namakkal,-4.625929269271486e-16,1.0079561744091416,Volatile
Tamil Nadu,Perambalur,1.4802973661668753e-16,0.717442096441981,Shock-Prone
Tamil Nadu,Pudukkottai,4.625929269271486e-17,0.9416669986749656,Shock-Prone
Tamil Nadu,Ramanathapuram,2.0354088784794536e-16,0.9982261680905813,Shock-Prone
Tamil Nadu,Ranipet,4.625929269271486e-17,0.5374971243063762,Shock-Prone
Tamil Nadu,Salem,7.401486830834377e-17,0.9531429401114598,Shock-Prone
Tamil Nadu,Sivaganga,3.515706244646329e-16,1.024904143231952,Shock-Prone
Tamil Nadu,Tenkasi,3.099372610411895e-16,0.8976787838317624,Shock-Prone
Tamil Nadu,Thanjavur,7.170190367370803e-17,1.035871122537737,Shock-Prone
Tamil Nadu,The Nilgiris,-3.1456319031046104e-16,1.0231577588515794,Volatile
Tamil Nadu,Theni,-1.1102230246251565e-16,0.9819146080879508,Volatile
Tamil Nadu,Thiruvallur,1.4802973661668753e-16,0.8699062717768647,Shock-Prone
Tamil Nadu,Thiruvarur,-3.885780586188048e-16,1.026396134956681,Volatile
Tamil Nadu,Thoothukkudi,2.590520390792032e-16,1.016016641511317,Shock-Prone
Tamil Nadu,Tiruchirappalli,2.590520390792032e-16,1.0032295293055655,Shock-Prone
Tamil Nadu,Tirunelveli,-5.551115123125783e-17,1.0208232043004808,Volatile
Tamil Nadu,Tirupathur,0.030205984229032822,0.8450874093364906,Shock-Prone
Tamil Nadu,Tirupattur,5.366077952354923e-16,0.8753560766657371,Shock-Prone
Tamil Nadu,Tiruppur,-3.515706244646329e-16,0.9771608008199026,Volatile
Tamil Nadu,Tiruvallur,-3.099372610411895e-16,1.0134306965297095,Volatile
Tamil Nadu,Tiruvannamalai,-7.401486830834377e-17,0.7573493873574233,Volatile
Tamil Nadu,Vellore,4.996003610813204e-16,0.9825865178239048,Shock-Prone
Tamil Nadu,Villupuram,2.220446049250313e-16,0.9111915735282629,Shock-Prone
Tamil Nadu,Viluppuram,-2.220446049250313e-16,0.9353014790416035,Volatile
Tamil Nadu,Virudhunagar,-9.251858538542972e-17,0.9993586735165189,Volatile
Telangana,Adilabad,4.440892098500626e-16,0.8138709262810614,Shock-Prone
Telangana,Bhadradri Kothagudem,6.707597440443654e-17,0.899023782784014,Shock-Prone
Telangana,Hanumakonda,7.401486830834377e-17,0.734486168359022,Shock-Prone
Telangana,Hyderabad,5.643633708511212e-16,0.776999855030811,Shock-Prone
Telangana,Jagitial,5.3198186596622086e-17,0.6625713537173928,Shock-Prone
Telangana,Jangaon,-1.734723475976807e-16,0.6314575496475026,Volatile
Telangana,Jangoan,-4.625929269271486e-17,0.8247835613257873,Volatile
Telangana,Jayashankar Bhupalpally,8.789265611615822e-17,0.7422943789988962,Shock-Prone
Telangana,Jogulamba Gadwal,5.57424476947214e-16,0.5612142761498965,Shock-Prone
Telangana,K.V. Rangareddy,-7.494005416219807e-16,0.9133918243273451,Volatile
Telangana,Kamareddy,1.7578531223231644e-16,0.6010498727331641,Shock-Prone
Telangana,Karimnagar,1.850371707708594e-17,0.9423702637176968,Shock-Prone
Telangana,Khammam,-4.602799622925128e-16,0.8526301470981307,Volatile
Telangana,Komaram Bheem,3.978299171573478e-16,0.7239104435917562,Shock-Prone
Telangana,Mahabubabad,-1.1102230246251565e-16,0.7000834440890947,Volatile
Telangana,Mahabubnagar,-6.846375318521799e-16,0.8958981538777696,Volatile
Telangana,Mancherial,-2.498001805406602e-16,0.6628792804874496,Volatile
Telangana,Medak,7.401486830834377e-17,0.8324848086074851,Shock-Prone
Telangana,Medchal Malkajgiri,-2.42861286636753e-16,0.6956360643448286,Volatile
Telangana,Medchal?Malkajgiri,0.49999967555576613,,Shock-Prone
Telangana,Medchal−Malkajgiri,3.608224830031759e-16,0.7643563000616683,Shock-Prone
Telangana,Mulugu,-6.47630097698008e-17,0.8081140205521988,Volatile
Telangana,Nagarkurnool,2.266705341943028e-16,0.4556072731327209,Sustained Stress
Telangana,Nalgonda,3.099372610411895e-16,0.8407873394076607,Shock-Prone
Telangana,Narayanpet,-1.9660199394403815e-17,0.7622717745337035,Volatile
Telangana,Nirmal,-2.4054832200211723e-16,0.6432770714091726,Volatile
Telangana,Nizamabad,1.0177044392397268e-16,0.650365371186729,Shock-Prone
Telangana,Peddapalli,2.6830389761774615e-16,0.9470394230943024,Shock-Prone
Telangana,Rajanna Sircilla,8.141635513917814e-16,0.7397723218373002,Shock-Prone
Telangana,Rangareddy,3.608224830031759e-16,0.8959482702770597,Shock-Prone
Telangana,Sangareddy,2.266705341943028e-16,0.5564405661803482,Shock-Prone
Telangana,Siddipet,1.896631000401309e-16,0.422010844516088,Sustained Stress
Telangana,Suryapet,1.6422048905913775e-16,0.728204202259765,Shock-Prone
Telangana,Vikarabad,-2.7177334456969976e-16,0.5786025880765059,Volatile
Telangana,Wanaparthy,-5.181040781584064e-16,0.6872178943712213,Volatile
Telangana,Warangal,-3.284409781182755e-16,0.7368842450461521,Volatile
Telangana,Warangal (Urban),0.06793652974110882,1.1243553617573836,Shock-Prone
Telangana,Warangal Rural,-2.4054832200211723e-16,0.5616646961146772,Volatile
Telangana,Warangal Urban,9.251858538542972e-17,0.6929779983657858,Shock-Prone
Telangana,Yadadri.,-1.0177044392397268e-16,0.7177286501548789,Volatile
Tripura,Dhalai,-4.440892098500626e-16,0.5480048181277372,Volatile
Tripura,Dhalai *,0.0,0.9574588669078661,Shock-Prone
Tripura,Gomati,-6.846375318521799e-16,0.7449765443868623,Volatile
Tripura,Khowai,2.220446049250313e-16,0.8423815498489934,Shock-Prone
Tripura,North Tripura,-2.6830389761774615e-16,0.8475460422208575,Volatile
Tripura,Sepahijala,1.61907524424502e-17,0.565995159215401,Shock-Prone
Tripura,South Tripura,-8.569533971325427e-16,0.8057040509978237,Volatile
Tripura,Unakoti,-6.19874522082379e-16,0.8283684862648508,Volatile
Tripura,West Tripura,-3.1456319031046104e-16,0.8890401208745586,Volatile
Uttar Pradesh,Agra,3.608224830031759e-16,0.6004691430950512,Shock-Prone
Uttar Pradesh,Aligarh,-2.220446049250313e-16,0.6316548982707559,Volatile
Uttar Pradesh,Allahabad,-1.1102230246251565e-16,0.5103370325935466,Volatile
Uttar Pradesh,Ambedkar Nagar,3.978299171573478e-16,0.8396902027610107,Shock-Prone
Uttar Pradesh,Amethi,-3.8163916471489756e-16,0.7497127411438386,Volatile
Uttar Pradesh,Amroha,-1.0177044392397268e-16,0.4880318526773577,Stable
Uttar Pradesh,Auraiya,-7.401486830834377e-17,0.43528988759984166,Stable
Uttar Pradesh,Ayodhya,5.851800525628429e-16,0.782103181063338,Shock-Prone
Uttar Pradesh,Azamgarh,4.996003610813204e-16,0.7390586211360523,Shock-Prone
Uttar Pradesh,Baghpat,1.1102230246251565e-16,0.5600211485615241,Shock-Prone
Uttar Pradesh,Bagpat,-0.5916071783110434,,Shock-Prone
Uttar Pradesh,Bahraich,-6.846375318521799e-16,0.6493092473348929,Volatile
Uttar Pradesh,Ballia,-8.511709855459534e-16,0.8331529673156151,Volatile
Uttar Pradesh,Balrampur,-1.0061396160665481e-16,0.7531954419476676,Volatile
Uttar Pradesh,Banda,9.251858538542972e-17,0.5710409369327849,Shock-Prone
Uttar Pradesh,Bara Banki,-3.608224830031759e-16,0.5943912428650144,Volatile
Uttar Pradesh,Barabanki,-1.896631000401309e-16,0.6803731870743657,Volatile
Uttar Pradesh,Bareilly,-7.864079757761525e-16,0.6308975601375691,Volatile
Uttar Pradesh,Basti,-1.0362081563168128e-15,0.6308251368856765,Volatile
Uttar Pradesh,Bhadohi,-9.251858538542972e-17,0.9304038543838196,Volatile
Uttar Pradesh,Bijnor,1.3415194880887307e-16,0.4977896321452363,Sustained Stress
Uttar Pradesh,Budaun,-5.828670879282072e-16,0.5847121397169882,Volatile
Uttar Pradesh,Bulandshahar,2.0354088784794536e-16,0.7572072402926996,Shock-Prone
Uttar Pradesh,Bulandshahr,-4.625929269271486e-17,0.6025198799673448,Volatile
Uttar Pradesh,Chandauli,1.8503717077085943e-16,0.735471497103924,Shock-Prone
Uttar Pradesh,Chitrakoot,-9.066821367772111e-16,0.45221411776443193,Stable
Uttar Pradesh,Deoria,5.273559366969494e-16,0.6577274118028387,Shock-Prone
Uttar Pradesh,Etah,-7.401486830834377e-17,0.4803742914653288,Stable
Uttar Pradesh,Etawah,1.0454600148553557e-15,0.7086632877976304,Shock-Prone
Uttar Pradesh,Faizabad,9.668192172777406e-16,0.47630236463512227,Sustained Stress
Uttar Pradesh,Farrukhabad,3.885780586188048e-16,0.4650418575112936,Sustained Stress
Uttar Pradesh,Fatehpur,-2.752427915216534e-16,0.7111112213633947,Volatile
Uttar Pradesh,Firozabad,4.6721885619642e-16,0.4521782518815759,Sustained Stress
Uttar Pradesh,Gautam Buddha Nagar,1.295260195396016e-16,0.981731652293359,Shock-Prone
Uttar Pradesh,Ghaziabad,1.4802973661668753e-16,0.8351606266900389,Shock-Prone
Uttar Pradesh,Ghazipur,-5.366077952354923e-16,0.7815498648939624,Volatile
Uttar Pradesh,Gonda,4.810966440042345e-16,0.5967118251553656,Shock-Prone
Uttar Pradesh,Gorakhpur,5.551115123125783e-17,0.9176275524692918,Shock-Prone
Uttar Pradesh,Hamirpur,3.885780586188048e-16,0.6918409670281433,Shock-Prone
Uttar Pradesh,Hapur,3.7007434154171886e-16,0.6710642092249831,Shock-Prone
Uttar Pradesh,Hardoi,-3.3306690738754696e-16,0.5882690970807258,Volatile
Uttar Pradesh,Hathras,5.736152293896642e-16,0.6204385917821341,Shock-Prone
Uttar Pradesh,Jalaun,3.515706244646329e-16,0.7376350793687202,Shock-Prone
Uttar Pradesh,Jaunpur,-7.401486830834377e-16,0.7638991101736211,Volatile
Uttar Pradesh,Jhansi,2.868076146948321e-16,0.4633193111457826,Sustained Stress
Uttar Pradesh,Jyotiba Phule Nagar,2.7755575615628914e-17,0.7710921992661376,Shock-Prone
Uttar Pradesh,Kannauj,4.070817756958907e-16,0.4432681944173387,Sustained Stress
Uttar Pradesh,Kanpur Dehat,-8.234154099303245e-16,0.39271493173496963,Stable
Uttar Pradesh,Kanpur Nagar,5.551115123125783e-17,0.7876791887024145,Shock-Prone
Uttar Pradesh,Kasganj,-2.0354088784794536e-16,0.5568759009964007,Volatile
Uttar Pradesh,Kaushambi,-1.942890293094024e-16,0.5434444704973006,Volatile
Uttar Pradesh,Kheri,6.106226635438361e-16,0.6428147468326167,Shock-Prone
Uttar Pradesh,Kushinagar,-1.2027416100105862e-16,0.8696717353487814,Volatile
Uttar Pradesh,Kushinagar *,-0.12718226394571175,0.6780341176215202,Volatile
Uttar Pradesh,Lalitpur,-4.440892098500626e-16,0.6599639568567448,Volatile
Uttar Pradesh,Lucknow,3.700743415417188e-17,0.8047455796417667,Shock-Prone
Uttar Pradesh,Maharajganj,3.1687615494509675e-16,0.8828508061773622,Shock-Prone
Uttar Pradesh,Mahoba,1.8272420613622367e-16,0.7248066677766215,Shock-Prone
Uttar Pradesh,Mahrajganj,0.11048557904283958,1.0142696981789585,Shock-Prone
Uttar Pradesh,Mainpuri,-5.088522196198634e-17,0.6430815058142341,Volatile
Uttar Pradesh,Mathura,-2.868076146948321e-16,0.5165689168247622,Volatile
Uttar Pradesh,Mau,-3.4231876592608995e-16,0.5485204356876823,Volatile
Uttar Pradesh,Meerut,8.696747026230393e-16,0.6671125442184465,Shock-Prone
Uttar Pradesh,Mirzapur,-2.590520390792032e-16,0.6064403281540954,Volatile
Uttar Pradesh,Moradabad,3.515706244646329e-16,0.8675375194332613,Shock-Prone
Uttar Pradesh,Muzaffarnagar,1.0917193075480707e-15,0.8645806994531408,Shock-Prone
Uttar Pradesh,Pilibhit,0.0,0.6459364640766234,Shock-Prone
Uttar Pradesh,Pratapgarh,6.615078855058224e-16,0.6388133641743519,Shock-Prone
Uttar Pradesh,Prayagraj,4.070817756958907e-16,0.853229338215586,Shock-Prone
Uttar Pradesh,Rae Bareli,-5.458596537740353e-16,0.6856870634799384,Volatile
Uttar Pradesh,Raebareli,0.1972948639984978,0.6390082359176653,Shock-Prone
Uttar Pradesh,Rampur,-2.4054832200211723e-16,0.48787598165611273,Stable
Uttar Pradesh,Saharanpur,1.3877787807814457e-17,0.5946995017372899,Shock-Prone
Uttar Pradesh,Sambhal,-2.6830389761774615e-16,0.4811259233538397,Stable
Uttar Pradesh,Sant Kabir Nagar,5.921189464667501e-16,0.7594921390649361,Shock-Prone
Uttar Pradesh,Sant Ravidas Nagar,-6.291263806209221e-16,0.42258487239741194,Stable
Uttar Pradesh,Sant Ravidas Nagar Bhadohi,0.04614166231676626,0.6475050309280278,Shock-Prone
Uttar Pradesh,Shahjahanpur,4.0245584642661925e-16,0.6272060759142909,Shock-Prone
Uttar Pradesh,Shamli,1.7115938296304497e-16,0.7421066083924582,Shock-Prone
Uttar Pradesh,Shrawasti,-6.47630097698008e-17,0.6407097694411827,Volatile
Uttar Pradesh,Siddharthnagar,4.76470714734963e-16,0.6706088289106467,Shock-Prone
Uttar Pradesh,Sitapur,5.458596537740353e-16,0.5270812969399189,Shock-Prone
Uttar Pradesh,Sonbhadra,-2.0354088784794536e-16,0.6045330107034197,Volatile
Uttar Pradesh,Sultanpur,4.440892098500626e-16,0.8968694110548154,Shock-Prone
Uttar Pradesh,Unnao,2.7755575615628914e-16,0.5842399606116442,Shock-Prone
Uttar Pradesh,Varanasi,1.0639637319324417e-16,0.5278790038197423,Shock-Prone
Uttarakhand,Almora,-1.1102230246251565e-16,0.8088100782491756,Volatile
Uttarakhand,Bageshwar,-6.013708050052931e-17,0.8186984761774773,Volatile
Uttarakhand,Chamoli,-1.0639637319324417e-16,0.9251854851989029,Volatile
Uttarakhand,Champawat,3.978299171573478e-16,0.7661251902273629,Shock-Prone
Uttarakhand,Dehradun,6.522560269672795e-16,0.8574146820006225,Shock-Prone
Uttarakhand,Garhwal,-8.789265611615822e-17,0.8670061970885832,Volatile
Uttarakhand,Hardwar,2.590520390792032e-16,0.672661979702159,Shock-Prone
Uttarakhand,Haridwar,4.464021744846983e-16,0.7640727685293774,Shock-Prone
Uttarakhand,Nainital,2.590520390792032e-16,0.7806290081682866,Shock-Prone
Uttarakhand,Pauri Garhwal,-6.013708050052931e-17,0.8667330353395795,Volatile
Uttarakhand,Pithoragarh,6.013708050052931e-17,0.8448873059319812,Shock-Prone
Uttarakhand,Rudraprayag,1.2027416100105862e-16,0.8226214097804281,Shock-Prone
Uttarakhand,Tehri Garhwal,-4.3021142204224816e-16,0.7597767486458246,Volatile
Uttarakhand,Udham Singh Nagar,-1.61907524424502e-17,0.6580247308771906,Volatile
Uttarakhand,Uttarkashi,4.0245584642661925e-16,0.9621935686744444,Shock-Prone
West Bangal,Hooghly,0.07803036808753605,0.8957405692040116,Shock-Prone
West Bangal,Howrah,-0.006507233303631234,0.9304512167160444,Volatile
West Bengal,Alipurduar,-1.1102230246251565e-16,0.9464998191839705,Volatile
West Bengal,Bankura,8.106941044398278e-16,0.7890957018876313,Shock-Prone
West Bengal,Barddhaman,-9.25185853854297e-18,0.6007493749600068,Volatile
West Bengal,Bardhaman,7.864079757761526e-17,0.6255597706410265,Shock-Prone
West Bengal,Birbhum,5.181040781584064e-16,0.7869941076755786,Shock-Prone
West Bengal,Cooch Behar,4.440892098500626e-16,0.8497310787881815,Shock-Prone
West Bengal,Dakshin Dinajpur,6.47630097698008e-17,0.7847943204674641,Shock-Prone
West Bengal,Darjeeling,8.0953762212251e-18,0.61043326519116,Shock-Prone
West Bengal,Darjiling,2.1799691681441877e-16,0.70764998032915,Shock-Prone
West Bengal,East Midnapore,1.2027416100105862e-16,0.6338302322512652,Shock-Prone
West Bengal,Haora,-2.220446049250313e-16,0.684975728839863,Volatile
West Bengal,Hawrah,-0.3913111585639531,1.0020789018841532,Volatile
West Bengal,Hooghiy,-0.24999937500156244,,Shock-Prone
West Bengal,Hooghly,-1.4802973661668753e-16,0.7059486174655949,Volatile
West Bengal,Howrah,-3.4231876592608995e-16,0.6181038909718737,Volatile
West Bengal,Hugli,1.850371707708594e-17,0.5886643988265594,Shock-Prone
West Bengal,Jalpaiguri,9.3443771239284e-16,0.7048064841796385,Shock-Prone
West Bengal,Jhargram,2.3129646346357427e-18,0.6358289555411799,Shock-Prone
West Bengal,Kalimpong,-3.700743415417188e-17,0.764668817585832,Volatile
West Bengal,Koch Bihar,-3.700743415417188e-17,0.7272746635908633,Volatile
West Bengal,Kolkata,2.7292982688701767e-16,0.703351365681866,Shock-Prone
West Bengal,Malda,-1.8781272833242233e-15,0.6533144963715576,Volatile
West Bengal,Maldah,-5.551115123125783e-16,0.8193134066477641,Volatile
West Bengal,Medinipur,1.3877787807814457e-17,0.7521502058512293,Shock-Prone
West Bengal,Murshidabad,-2.8333816774287848e-15,0.7951889969454817,Volatile
West Bengal,Nadia,1.5173048003210472e-15,0.6885105586417821,Shock-Prone
West Bengal,North 24 Parganas,9.25185853854297e-18,0.6840059201373643,Shock-Prone
West Bengal,North Dinajpur,-2.0354088784794536e-16,0.6289650158105545,Volatile
West Bengal,North Twenty Four Parganas,-1.6653345369377348e-16,0.6819232695913474,Volatile
West Bengal,Paschim Bardhaman,-2.3592239273284576e-16,0.6994005805521469,Volatile
West Bengal,Paschim Medinipur,-4.440892098500626e-16,0.7807521930841916,Volatile
West Bengal,Purba Bardhaman,2.7755575615628914e-16,0.7019649305953043,Shock-Prone
West Bengal,Purba Medinipur,3.4231876592608995e-16,0.7971735536816646,Shock-Prone
West Bengal,Purulia,4.903485025427775e-16,0.8473254093903405,Shock-Prone
West Bengal,Puruliya,-8.419191270074103e-16,0.969661881846995,Volatile
West Bengal,South 24 Pargana,0.6180319887559447,,Shock-Prone
West Bengal,South 24 Parganas,7.031412489292658e-16,0.8081101283352213,Shock-Prone
West Bengal,South Dinajpur,-3.23815048849004e-17,0.7898024162828559,Volatile
West Bengal,South Twenty Four Parganas,-9.251858538542972e-17,0.7900590865519,Volatile
West Bengal,Uttar Dinajpur,-1.7578531223231644e-16,0.8271126096243876,Volatile
West Bengal,West Medinipur,-0.9957797491194154,,Shock-Prone
West Bengal,West Midnapore,-4.625929269271486e-17,0.8313881932921827,Volatile
Westbengal,Hooghly,-0.07644906488152609,0.9219365277868644,Volatile
